field,value
title,Help! My duelling rival shrinks me to a speck!
original_title,
summary,Short visual novel game with AI art
narrative,"Emilia has been Sammy’s rival for 3 years, however a recent defeat has upset the power balance, as Emilia absorbed some of his size, making him weaker than ever. Emilia is appointed as his new personal trainer, however she has other plans."
time_to_complete,
tags,Femdom|First person|Shrinking
development_status,Completed
pricing_model,Free
game_engine,Ren'Py
art_rating,2
main_art_style,AI Generated Images
mechanic_rating,1
mechanics_description,
animation_rating,0
size_focus,3
game_links,https://yourgiantessava.itch.io/help-my-duelling-rival-shrinks-me-to-a-speck
walkthrough,
creator_link,
forum_link,
authors,YourGiantessAva
last_updated,2024-04-12
latest_content_update,FREE: game released
release_date,2024-04-12
languages,English
filtered,no
contains_ai,yes
entry_last_updated,2026-10-06
creation_time,2026-09-30
thumbnails,thumb.webp
